race_id,driver,team,grid_pos,q1_secs,q2_secs,q3_secs
2026_R01,RUS,Mercedes,1.0,79.507,78.934,78.518
2026_R01,ANT,Mercedes,2.0,80.12,79.435,78.811
2026_R01,HAD,Red Bull Racing,3.0,80.023,79.653,79.303
2026_R01,LEC,Ferrari,4.0,80.226,79.357,79.327
2026_R01,PIA,McLaren,5.0,79.664,79.525,79.38
2026_R01,NOR,McLaren,6.0,80.01,79.882,79.475
2026_R01,HAM,Ferrari,7.0,79.811,79.921,79.478
2026_R01,LAW,Racing Bulls,8.0,80.491,80.144,79.994
2026_R01,LIN,Racing Bulls,9.0,80.409,79.971,81.247
2026_R01,BOR,Audi,10.0,80.495,80.221,
2026_R01,HUL,Audi,11.0,81.024,80.303,
2026_R01,BEA,Haas F1 Team,12.0,81.247,80.311,
2026_R01,OCO,Haas F1 Team,13.0,80.759,80.491,
2026_R01,GAS,Alpine,14.0,81.138,80.501,
2026_R01,ALB,Williams,15.0,81.051,80.941,
2026_R01,COL,Alpine,16.0,81.2,81.27,
2026_R01,ALO,Aston Martin,17.0,81.969,,
2026_R01,PER,Cadillac,18.0,82.605,,
2026_R01,BOT,Cadillac,19.0,83.244,,
2026_R01,STR,Aston Martin,,,,
2026_R01,VER,Red Bull Racing,,,,
2026_R01,SAI,Williams,,,,
2026_R02,ANT,Mercedes,1.0,93.305,92.443,92.064
2026_R02,RUS,Mercedes,2.0,93.262,92.523,92.286
2026_R02,HAM,Ferrari,3.0,93.522,92.567,92.415
2026_R02,LEC,Ferrari,4.0,93.175,92.486,92.428
2026_R02,PIA,McLaren,5.0,93.59,93.13,92.55
2026_R02,NOR,McLaren,6.0,93.535,92.91,92.608
2026_R02,GAS,Alpine,7.0,93.788,93.003,92.873
2026_R02,VER,Red Bull Racing,8.0,93.417,93.098,93.002
2026_R02,HAD,Red Bull Racing,9.0,93.632,93.352,93.121
2026_R02,BEA,Haas F1 Team,10.0,93.687,93.197,93.292
2026_R02,HUL,Audi,11.0,94.116,93.354,
2026_R02,COL,Alpine,12.0,93.634,93.357,
2026_R02,OCO,Haas F1 Team,13.0,93.974,93.538,
2026_R02,LAW,Racing Bulls,14.0,94.139,93.765,
2026_R02,LIN,Racing Bulls,15.0,93.906,93.784,
2026_R02,BOR,Audi,16.0,93.549,93.965,
2026_R02,SAI,Williams,17.0,94.317,,
2026_R02,ALB,Williams,18.0,94.772,,
2026_R02,ALO,Aston Martin,19.0,95.203,,
2026_R02,BOT,Cadillac,20.0,95.436,,
2026_R02,STR,Aston Martin,21.0,95.995,,
2026_R02,PER,Cadillac,22.0,96.906,,
2026_R03,ANT,Mercedes,1.0,90.035,89.048,88.778
2026_R03,RUS,Mercedes,2.0,89.967,89.686,89.076
2026_R03,PIA,McLaren,3.0,90.2,89.451,89.132
2026_R03,LEC,Ferrari,4.0,89.915,89.303,89.405
2026_R03,NOR,McLaren,5.0,90.401,89.795,89.409
2026_R03,HAM,Ferrari,6.0,90.309,89.589,89.567
2026_R03,GAS,Alpine,7.0,90.584,89.874,89.691
2026_R03,HAD,Red Bull Racing,8.0,90.662,90.104,89.978
2026_R03,BOR,Audi,9.0,90.359,89.99,90.274
2026_R03,LIN,Racing Bulls,10.0,90.781,90.109,90.319
2026_R03,VER,Red Bull Racing,11.0,90.519,90.262,
2026_R03,OCO,Haas F1 Team,12.0,90.915,90.309,
2026_R03,HUL,Audi,13.0,90.358,90.387,
2026_R03,LAW,Racing Bulls,14.0,90.657,90.495,
2026_R03,COL,Alpine,15.0,90.931,90.627,
2026_R03,SAI,Williams,16.0,90.927,91.033,
2026_R03,ALB,Williams,17.0,91.088,,
2026_R03,BEA,Haas F1 Team,18.0,91.09,,
2026_R03,PER,Cadillac,19.0,92.206,,
2026_R03,BOT,Cadillac,20.0,92.33,,
2026_R03,ALO,Aston Martin,21.0,92.646,,
2026_R03,STR,Aston Martin,22.0,92.92,,
2026_R04,ANT,Mercedes,1.0,88.653,88.289,87.798
2026_R04,VER,Red Bull Racing,2.0,89.099,88.116,87.964
2026_R04,LEC,Ferrari,3.0,88.938,88.315,88.143
2026_R04,NOR,McLaren,4.0,89.183,88.92,88.183
2026_R04,RUS,Mercedes,5.0,89.492,88.477,88.197
2026_R04,HAM,Ferrari,6.0,89.483,88.477,88.319
2026_R04,PIA,McLaren,7.0,89.92,88.332,88.5
2026_R04,COL,Alpine,8.0,89.584,88.975,88.762
2026_R04,GAS,Alpine,9.0,89.914,89.07,88.81
2026_R04,HUL,Audi,10.0,89.645,89.439,
2026_R04,LAW,Racing Bulls,11.0,89.595,89.499,
2026_R04,BEA,Haas F1 Team,12.0,89.34,89.567,
2026_R04,SAI,Williams,13.0,89.54,89.568,
2026_R04,OCO,Haas F1 Team,14.0,89.838,89.772,
2026_R04,ALB,Williams,15.0,89.72,89.946,
2026_R04,LIN,Racing Bulls,16.0,90.133,,
2026_R04,ALO,Aston Martin,17.0,91.098,,
2026_R04,STR,Aston Martin,18.0,91.164,,
2026_R04,BOT,Cadillac,19.0,91.629,,
2026_R04,PER,Cadillac,20.0,91.967,,
2026_R04,BOR,Audi,21.0,93.737,,
2026_R04,HAD,Red Bull Racing,22.0,,88.941,88.789
2026_R05,RUS,Mercedes,1.0,73.953,73.079,72.578
2026_R05,ANT,Mercedes,2.0,73.38,73.076,72.646
2026_R05,NOR,McLaren,3.0,73.503,73.049,72.729
2026_R05,PIA,McLaren,4.0,73.559,73.285,72.781
2026_R05,HAM,Ferrari,5.0,73.767,73.041,72.868
2026_R05,VER,Red Bull Racing,6.0,74.067,73.479,72.907
2026_R05,HAD,Red Bull Racing,7.0,73.654,72.975,72.935
2026_R05,LEC,Ferrari,8.0,73.825,73.496,72.976
2026_R05,LIN,Racing Bulls,9.0,73.895,73.548,73.28
2026_R05,COL,Alpine,10.0,74.466,73.857,73.697
2026_R05,HUL,Audi,11.0,74.562,73.886,
2026_R05,LAW,Racing Bulls,12.0,74.346,73.897,
2026_R05,BOR,Audi,13.0,74.775,74.071,
2026_R05,GAS,Alpine,14.0,74.698,74.187,
2026_R05,SAI,Williams,15.0,74.276,74.273,
2026_R05,BEA,Haas F1 Team,16.0,74.449,74.416,
2026_R05,OCO,Haas F1 Team,17.0,74.845,,
2026_R05,ALB,Williams,18.0,74.851,,
2026_R05,ALO,Aston Martin,19.0,75.196,,
2026_R05,PER,Cadillac,20.0,75.429,,
2026_R05,STR,Aston Martin,21.0,76.195,,
2026_R05,BOT,Cadillac,22.0,76.272,,
2026_R06,ANT,Mercedes,1.0,73.599,72.704,72.051
2026_R06,VER,Red Bull Racing,2.0,73.49,72.499,72.094
2026_R06,HAM,Ferrari,3.0,73.777,72.934,72.279
2026_R06,LEC,Ferrari,4.0,73.293,72.774,72.351
2026_R06,HAD,Red Bull Racing,5.0,74.408,72.722,72.434
2026_R06,RUS,Mercedes,6.0,74.214,73.238,72.445
2026_R06,PIA,McLaren,7.0,74.159,72.983,72.624
2026_R06,NOR,McLaren,8.0,73.63,72.919,72.765
2026_R06,GAS,Alpine,9.0,74.469,73.762,73.226
2026_R06,LAW,Racing Bulls,10.0,74.498,73.471,73.412
2026_R06,ALB,Williams,11.0,74.321,73.787,
2026_R06,SAI,Williams,12.0,74.348,73.815,
2026_R06,HUL,Audi,13.0,73.923,73.902,
2026_R06,COL,Alpine,14.0,74.573,73.995,
2026_R06,LIN,Racing Bulls,15.0,74.685,74.248,
2026_R06,BOR,Audi,16.0,74.683,,
2026_R06,OCO,Haas F1 Team,17.0,74.722,,
2026_R06,PER,Cadillac,18.0,74.747,,
2026_R06,BEA,Haas F1 Team,19.0,74.814,,
2026_R06,BOT,Cadillac,20.0,75.283,,
2026_R06,ALO,Aston Martin,21.0,75.349,,
2026_R06,STR,Aston Martin,22.0,76.061,,
