race_id,year,round,race_name,circuit,date,driver,team,finish_pos,grid_pos,points,status
2025_R01,2025,1,Australian Grand Prix,Melbourne,2025-03-16,NOR,McLaren,1.0,1.0,25.0,Finished
2025_R01,2025,1,Australian Grand Prix,Melbourne,2025-03-16,VER,Red Bull Racing,2.0,3.0,18.0,Finished
2025_R01,2025,1,Australian Grand Prix,Melbourne,2025-03-16,RUS,Mercedes,3.0,4.0,15.0,Finished
2025_R01,2025,1,Australian Grand Prix,Melbourne,2025-03-16,ANT,Mercedes,4.0,16.0,12.0,Finished
2025_R01,2025,1,Australian Grand Prix,Melbourne,2025-03-16,ALB,Williams,5.0,6.0,10.0,Finished
2025_R01,2025,1,Australian Grand Prix,Melbourne,2025-03-16,STR,Aston Martin,6.0,13.0,8.0,Finished
2025_R01,2025,1,Australian Grand Prix,Melbourne,2025-03-16,HUL,Kick Sauber,7.0,17.0,6.0,Finished
2025_R01,2025,1,Australian Grand Prix,Melbourne,2025-03-16,LEC,Ferrari,8.0,7.0,4.0,Finished
2025_R01,2025,1,Australian Grand Prix,Melbourne,2025-03-16,PIA,McLaren,9.0,2.0,2.0,Finished
2025_R01,2025,1,Australian Grand Prix,Melbourne,2025-03-16,HAM,Ferrari,10.0,8.0,1.0,Finished
2025_R01,2025,1,Australian Grand Prix,Melbourne,2025-03-16,GAS,Alpine,11.0,9.0,0.0,Finished
2025_R01,2025,1,Australian Grand Prix,Melbourne,2025-03-16,TSU,Racing Bulls,12.0,5.0,0.0,Finished
2025_R01,2025,1,Australian Grand Prix,Melbourne,2025-03-16,OCO,Haas F1 Team,13.0,19.0,0.0,Finished
2025_R01,2025,1,Australian Grand Prix,Melbourne,2025-03-16,BEA,Haas F1 Team,14.0,20.0,0.0,Finished
2025_R01,2025,1,Australian Grand Prix,Melbourne,2025-03-16,LAW,Red Bull Racing,15.0,18.0,0.0,Retired
2025_R01,2025,1,Australian Grand Prix,Melbourne,2025-03-16,BOR,Kick Sauber,16.0,15.0,0.0,Retired
2025_R01,2025,1,Australian Grand Prix,Melbourne,2025-03-16,ALO,Aston Martin,17.0,12.0,0.0,Retired
2025_R01,2025,1,Australian Grand Prix,Melbourne,2025-03-16,SAI,Williams,18.0,10.0,0.0,Retired
2025_R01,2025,1,Australian Grand Prix,Melbourne,2025-03-16,DOO,Alpine,19.0,14.0,0.0,Retired
2025_R01,2025,1,Australian Grand Prix,Melbourne,2025-03-16,HAD,Racing Bulls,20.0,11.0,0.0,Retired
2025_R02,2025,2,Chinese Grand Prix,Shanghai,2025-03-23,PIA,McLaren,1.0,1.0,25.0,Finished
2025_R02,2025,2,Chinese Grand Prix,Shanghai,2025-03-23,NOR,McLaren,2.0,3.0,18.0,Finished
2025_R02,2025,2,Chinese Grand Prix,Shanghai,2025-03-23,RUS,Mercedes,3.0,2.0,15.0,Finished
2025_R02,2025,2,Chinese Grand Prix,Shanghai,2025-03-23,VER,Red Bull Racing,4.0,4.0,12.0,Finished
2025_R02,2025,2,Chinese Grand Prix,Shanghai,2025-03-23,OCO,Haas F1 Team,5.0,11.0,10.0,Finished
2025_R02,2025,2,Chinese Grand Prix,Shanghai,2025-03-23,ANT,Mercedes,6.0,8.0,8.0,Finished
2025_R02,2025,2,Chinese Grand Prix,Shanghai,2025-03-23,ALB,Williams,7.0,10.0,6.0,Finished
2025_R02,2025,2,Chinese Grand Prix,Shanghai,2025-03-23,BEA,Haas F1 Team,8.0,17.0,4.0,Finished
2025_R02,2025,2,Chinese Grand Prix,Shanghai,2025-03-23,STR,Aston Martin,9.0,14.0,2.0,Finished
2025_R02,2025,2,Chinese Grand Prix,Shanghai,2025-03-23,SAI,Williams,10.0,15.0,1.0,Finished
2025_R02,2025,2,Chinese Grand Prix,Shanghai,2025-03-23,HAD,Racing Bulls,11.0,7.0,0.0,Finished
2025_R02,2025,2,Chinese Grand Prix,Shanghai,2025-03-23,LAW,Red Bull Racing,12.0,20.0,0.0,Finished
2025_R02,2025,2,Chinese Grand Prix,Shanghai,2025-03-23,DOO,Alpine,13.0,18.0,0.0,Finished
2025_R02,2025,2,Chinese Grand Prix,Shanghai,2025-03-23,BOR,Kick Sauber,14.0,19.0,0.0,Lapped
2025_R02,2025,2,Chinese Grand Prix,Shanghai,2025-03-23,HUL,Kick Sauber,15.0,12.0,0.0,Lapped
2025_R02,2025,2,Chinese Grand Prix,Shanghai,2025-03-23,TSU,Racing Bulls,16.0,9.0,0.0,Lapped
2025_R02,2025,2,Chinese Grand Prix,Shanghai,2025-03-23,ALO,Aston Martin,17.0,13.0,0.0,Retired
2025_R02,2025,2,Chinese Grand Prix,Shanghai,2025-03-23,LEC,Ferrari,18.0,6.0,0.0,Disqualified
2025_R02,2025,2,Chinese Grand Prix,Shanghai,2025-03-23,HAM,Ferrari,19.0,5.0,0.0,Disqualified
2025_R02,2025,2,Chinese Grand Prix,Shanghai,2025-03-23,GAS,Alpine,20.0,16.0,0.0,Disqualified
2025_R03,2025,3,Japanese Grand Prix,Suzuka,2025-04-06,VER,Red Bull Racing,1.0,1.0,25.0,Finished
2025_R03,2025,3,Japanese Grand Prix,Suzuka,2025-04-06,NOR,McLaren,2.0,2.0,18.0,Finished
2025_R03,2025,3,Japanese Grand Prix,Suzuka,2025-04-06,PIA,McLaren,3.0,3.0,15.0,Finished
2025_R03,2025,3,Japanese Grand Prix,Suzuka,2025-04-06,LEC,Ferrari,4.0,4.0,12.0,Finished
2025_R03,2025,3,Japanese Grand Prix,Suzuka,2025-04-06,RUS,Mercedes,5.0,5.0,10.0,Finished
2025_R03,2025,3,Japanese Grand Prix,Suzuka,2025-04-06,ANT,Mercedes,6.0,6.0,8.0,Finished
2025_R03,2025,3,Japanese Grand Prix,Suzuka,2025-04-06,HAM,Ferrari,7.0,8.0,6.0,Finished
2025_R03,2025,3,Japanese Grand Prix,Suzuka,2025-04-06,HAD,Racing Bulls,8.0,7.0,4.0,Finished
2025_R03,2025,3,Japanese Grand Prix,Suzuka,2025-04-06,ALB,Williams,9.0,9.0,2.0,Finished
2025_R03,2025,3,Japanese Grand Prix,Suzuka,2025-04-06,BEA,Haas F1 Team,10.0,10.0,1.0,Finished
2025_R03,2025,3,Japanese Grand Prix,Suzuka,2025-04-06,ALO,Aston Martin,11.0,12.0,0.0,Finished
2025_R03,2025,3,Japanese Grand Prix,Suzuka,2025-04-06,TSU,Red Bull Racing,12.0,14.0,0.0,Finished
2025_R03,2025,3,Japanese Grand Prix,Suzuka,2025-04-06,GAS,Alpine,13.0,11.0,0.0,Finished
2025_R03,2025,3,Japanese Grand Prix,Suzuka,2025-04-06,SAI,Williams,14.0,15.0,0.0,Finished
2025_R03,2025,3,Japanese Grand Prix,Suzuka,2025-04-06,DOO,Alpine,15.0,19.0,0.0,Finished
2025_R03,2025,3,Japanese Grand Prix,Suzuka,2025-04-06,HUL,Kick Sauber,16.0,16.0,0.0,Finished
2025_R03,2025,3,Japanese Grand Prix,Suzuka,2025-04-06,LAW,Racing Bulls,17.0,13.0,0.0,Finished
2025_R03,2025,3,Japanese Grand Prix,Suzuka,2025-04-06,OCO,Haas F1 Team,18.0,18.0,0.0,Finished
2025_R03,2025,3,Japanese Grand Prix,Suzuka,2025-04-06,BOR,Kick Sauber,19.0,17.0,0.0,Finished
2025_R03,2025,3,Japanese Grand Prix,Suzuka,2025-04-06,STR,Aston Martin,20.0,20.0,0.0,Lapped
2025_R04,2025,4,Bahrain Grand Prix,Sakhir,2025-04-13,PIA,McLaren,1.0,1.0,25.0,Finished
2025_R04,2025,4,Bahrain Grand Prix,Sakhir,2025-04-13,RUS,Mercedes,2.0,3.0,18.0,Finished
2025_R04,2025,4,Bahrain Grand Prix,Sakhir,2025-04-13,NOR,McLaren,3.0,6.0,15.0,Finished
2025_R04,2025,4,Bahrain Grand Prix,Sakhir,2025-04-13,LEC,Ferrari,4.0,2.0,12.0,Finished
2025_R04,2025,4,Bahrain Grand Prix,Sakhir,2025-04-13,HAM,Ferrari,5.0,9.0,10.0,Finished
2025_R04,2025,4,Bahrain Grand Prix,Sakhir,2025-04-13,VER,Red Bull Racing,6.0,7.0,8.0,Finished
2025_R04,2025,4,Bahrain Grand Prix,Sakhir,2025-04-13,GAS,Alpine,7.0,4.0,6.0,Finished
2025_R04,2025,4,Bahrain Grand Prix,Sakhir,2025-04-13,OCO,Haas F1 Team,8.0,14.0,4.0,Finished
2025_R04,2025,4,Bahrain Grand Prix,Sakhir,2025-04-13,TSU,Red Bull Racing,9.0,10.0,2.0,Finished
2025_R04,2025,4,Bahrain Grand Prix,Sakhir,2025-04-13,BEA,Haas F1 Team,10.0,20.0,1.0,Finished
2025_R04,2025,4,Bahrain Grand Prix,Sakhir,2025-04-13,ANT,Mercedes,11.0,5.0,0.0,Finished
2025_R04,2025,4,Bahrain Grand Prix,Sakhir,2025-04-13,ALB,Williams,12.0,15.0,0.0,Finished
2025_R04,2025,4,Bahrain Grand Prix,Sakhir,2025-04-13,HAD,Racing Bulls,13.0,12.0,0.0,Finished
2025_R04,2025,4,Bahrain Grand Prix,Sakhir,2025-04-13,DOO,Alpine,14.0,11.0,0.0,Finished
2025_R04,2025,4,Bahrain Grand Prix,Sakhir,2025-04-13,ALO,Aston Martin,15.0,13.0,0.0,Finished
2025_R04,2025,4,Bahrain Grand Prix,Sakhir,2025-04-13,LAW,Racing Bulls,16.0,17.0,0.0,Finished
2025_R04,2025,4,Bahrain Grand Prix,Sakhir,2025-04-13,STR,Aston Martin,17.0,19.0,0.0,Finished
2025_R04,2025,4,Bahrain Grand Prix,Sakhir,2025-04-13,BOR,Kick Sauber,18.0,18.0,0.0,Finished
2025_R04,2025,4,Bahrain Grand Prix,Sakhir,2025-04-13,SAI,Williams,19.0,8.0,0.0,Retired
2025_R04,2025,4,Bahrain Grand Prix,Sakhir,2025-04-13,HUL,Kick Sauber,20.0,16.0,0.0,Disqualified
2025_R05,2025,5,Saudi Arabian Grand Prix,Jeddah,2025-04-20,PIA,McLaren,1.0,2.0,25.0,Finished
2025_R05,2025,5,Saudi Arabian Grand Prix,Jeddah,2025-04-20,VER,Red Bull Racing,2.0,1.0,18.0,Finished
2025_R05,2025,5,Saudi Arabian Grand Prix,Jeddah,2025-04-20,LEC,Ferrari,3.0,4.0,15.0,Finished
2025_R05,2025,5,Saudi Arabian Grand Prix,Jeddah,2025-04-20,NOR,McLaren,4.0,10.0,12.0,Finished
2025_R05,2025,5,Saudi Arabian Grand Prix,Jeddah,2025-04-20,RUS,Mercedes,5.0,3.0,10.0,Finished
2025_R05,2025,5,Saudi Arabian Grand Prix,Jeddah,2025-04-20,ANT,Mercedes,6.0,5.0,8.0,Finished
2025_R05,2025,5,Saudi Arabian Grand Prix,Jeddah,2025-04-20,HAM,Ferrari,7.0,7.0,6.0,Finished
2025_R05,2025,5,Saudi Arabian Grand Prix,Jeddah,2025-04-20,SAI,Williams,8.0,6.0,4.0,Finished
2025_R05,2025,5,Saudi Arabian Grand Prix,Jeddah,2025-04-20,ALB,Williams,9.0,11.0,2.0,Finished
2025_R05,2025,5,Saudi Arabian Grand Prix,Jeddah,2025-04-20,HAD,Racing Bulls,10.0,14.0,1.0,Finished
2025_R05,2025,5,Saudi Arabian Grand Prix,Jeddah,2025-04-20,ALO,Aston Martin,11.0,13.0,0.0,Finished
2025_R05,2025,5,Saudi Arabian Grand Prix,Jeddah,2025-04-20,LAW,Racing Bulls,12.0,12.0,0.0,Finished
2025_R05,2025,5,Saudi Arabian Grand Prix,Jeddah,2025-04-20,BEA,Haas F1 Team,13.0,15.0,0.0,Finished
2025_R05,2025,5,Saudi Arabian Grand Prix,Jeddah,2025-04-20,OCO,Haas F1 Team,14.0,19.0,0.0,Finished
2025_R05,2025,5,Saudi Arabian Grand Prix,Jeddah,2025-04-20,HUL,Kick Sauber,15.0,18.0,0.0,Lapped
2025_R05,2025,5,Saudi Arabian Grand Prix,Jeddah,2025-04-20,STR,Aston Martin,16.0,16.0,0.0,Lapped
2025_R05,2025,5,Saudi Arabian Grand Prix,Jeddah,2025-04-20,DOO,Alpine,17.0,17.0,0.0,Lapped
2025_R05,2025,5,Saudi Arabian Grand Prix,Jeddah,2025-04-20,BOR,Kick Sauber,18.0,20.0,0.0,Lapped
2025_R05,2025,5,Saudi Arabian Grand Prix,Jeddah,2025-04-20,TSU,Red Bull Racing,19.0,8.0,0.0,Retired
2025_R05,2025,5,Saudi Arabian Grand Prix,Jeddah,2025-04-20,GAS,Alpine,20.0,9.0,0.0,Retired
2025_R06,2025,6,Miami Grand Prix,Miami Gardens,2025-05-04,PIA,McLaren,1.0,4.0,25.0,Finished
2025_R06,2025,6,Miami Grand Prix,Miami Gardens,2025-05-04,NOR,McLaren,2.0,2.0,18.0,Finished
2025_R06,2025,6,Miami Grand Prix,Miami Gardens,2025-05-04,RUS,Mercedes,3.0,5.0,15.0,Finished
2025_R06,2025,6,Miami Grand Prix,Miami Gardens,2025-05-04,VER,Red Bull Racing,4.0,1.0,12.0,Finished
2025_R06,2025,6,Miami Grand Prix,Miami Gardens,2025-05-04,ALB,Williams,5.0,7.0,10.0,Finished
2025_R06,2025,6,Miami Grand Prix,Miami Gardens,2025-05-04,ANT,Mercedes,6.0,3.0,8.0,Finished
2025_R06,2025,6,Miami Grand Prix,Miami Gardens,2025-05-04,LEC,Ferrari,7.0,8.0,6.0,Finished
2025_R06,2025,6,Miami Grand Prix,Miami Gardens,2025-05-04,HAM,Ferrari,8.0,12.0,4.0,Finished
2025_R06,2025,6,Miami Grand Prix,Miami Gardens,2025-05-04,SAI,Williams,9.0,6.0,2.0,Finished
2025_R06,2025,6,Miami Grand Prix,Miami Gardens,2025-05-04,TSU,Red Bull Racing,10.0,10.0,1.0,Finished
2025_R06,2025,6,Miami Grand Prix,Miami Gardens,2025-05-04,HAD,Racing Bulls,11.0,11.0,0.0,Finished
2025_R06,2025,6,Miami Grand Prix,Miami Gardens,2025-05-04,OCO,Haas F1 Team,12.0,9.0,0.0,Finished
2025_R06,2025,6,Miami Grand Prix,Miami Gardens,2025-05-04,GAS,Alpine,13.0,20.0,0.0,Finished
2025_R06,2025,6,Miami Grand Prix,Miami Gardens,2025-05-04,HUL,Kick Sauber,14.0,16.0,0.0,Lapped
2025_R06,2025,6,Miami Grand Prix,Miami Gardens,2025-05-04,ALO,Aston Martin,15.0,17.0,0.0,Lapped
2025_R06,2025,6,Miami Grand Prix,Miami Gardens,2025-05-04,STR,Aston Martin,16.0,18.0,0.0,Lapped
2025_R06,2025,6,Miami Grand Prix,Miami Gardens,2025-05-04,LAW,Racing Bulls,17.0,15.0,0.0,Retired
2025_R06,2025,6,Miami Grand Prix,Miami Gardens,2025-05-04,BOR,Kick Sauber,18.0,13.0,0.0,Retired
2025_R06,2025,6,Miami Grand Prix,Miami Gardens,2025-05-04,BEA,Haas F1 Team,19.0,19.0,0.0,Retired
2025_R06,2025,6,Miami Grand Prix,Miami Gardens,2025-05-04,DOO,Alpine,20.0,14.0,0.0,Retired
2025_R07,2025,7,Emilia Romagna Grand Prix,Imola,2025-05-18,VER,Red Bull Racing,1.0,2.0,25.0,Finished
2025_R07,2025,7,Emilia Romagna Grand Prix,Imola,2025-05-18,NOR,McLaren,2.0,4.0,18.0,Finished
2025_R07,2025,7,Emilia Romagna Grand Prix,Imola,2025-05-18,PIA,McLaren,3.0,1.0,15.0,Finished
2025_R07,2025,7,Emilia Romagna Grand Prix,Imola,2025-05-18,HAM,Ferrari,4.0,12.0,12.0,Finished
2025_R07,2025,7,Emilia Romagna Grand Prix,Imola,2025-05-18,ALB,Williams,5.0,7.0,10.0,Finished
2025_R07,2025,7,Emilia Romagna Grand Prix,Imola,2025-05-18,LEC,Ferrari,6.0,11.0,8.0,Finished
2025_R07,2025,7,Emilia Romagna Grand Prix,Imola,2025-05-18,RUS,Mercedes,7.0,3.0,6.0,Finished
2025_R07,2025,7,Emilia Romagna Grand Prix,Imola,2025-05-18,SAI,Williams,8.0,6.0,4.0,Finished
2025_R07,2025,7,Emilia Romagna Grand Prix,Imola,2025-05-18,HAD,Racing Bulls,9.0,9.0,2.0,Finished
2025_R07,2025,7,Emilia Romagna Grand Prix,Imola,2025-05-18,TSU,Red Bull Racing,10.0,20.0,1.0,Finished
2025_R07,2025,7,Emilia Romagna Grand Prix,Imola,2025-05-18,ALO,Aston Martin,11.0,5.0,0.0,Finished
2025_R07,2025,7,Emilia Romagna Grand Prix,Imola,2025-05-18,HUL,Kick Sauber,12.0,17.0,0.0,Finished
2025_R07,2025,7,Emilia Romagna Grand Prix,Imola,2025-05-18,GAS,Alpine,13.0,10.0,0.0,Finished
2025_R07,2025,7,Emilia Romagna Grand Prix,Imola,2025-05-18,LAW,Racing Bulls,14.0,15.0,0.0,Finished
2025_R07,2025,7,Emilia Romagna Grand Prix,Imola,2025-05-18,STR,Aston Martin,15.0,8.0,0.0,Finished
2025_R07,2025,7,Emilia Romagna Grand Prix,Imola,2025-05-18,COL,Alpine,16.0,16.0,0.0,Finished
2025_R07,2025,7,Emilia Romagna Grand Prix,Imola,2025-05-18,BEA,Haas F1 Team,17.0,19.0,0.0,Finished
2025_R07,2025,7,Emilia Romagna Grand Prix,Imola,2025-05-18,BOR,Kick Sauber,18.0,14.0,0.0,Finished
2025_R07,2025,7,Emilia Romagna Grand Prix,Imola,2025-05-18,ANT,Mercedes,19.0,13.0,0.0,Retired
2025_R07,2025,7,Emilia Romagna Grand Prix,Imola,2025-05-18,OCO,Haas F1 Team,20.0,18.0,0.0,Retired
2025_R08,2025,8,Monaco Grand Prix,Monaco,2025-05-25,NOR,McLaren,1.0,1.0,25.0,Finished
2025_R08,2025,8,Monaco Grand Prix,Monaco,2025-05-25,LEC,Ferrari,2.0,2.0,18.0,Finished
2025_R08,2025,8,Monaco Grand Prix,Monaco,2025-05-25,PIA,McLaren,3.0,3.0,15.0,Finished
2025_R08,2025,8,Monaco Grand Prix,Monaco,2025-05-25,VER,Red Bull Racing,4.0,4.0,12.0,Finished
2025_R08,2025,8,Monaco Grand Prix,Monaco,2025-05-25,HAM,Ferrari,5.0,7.0,10.0,Finished
2025_R08,2025,8,Monaco Grand Prix,Monaco,2025-05-25,HAD,Racing Bulls,6.0,5.0,8.0,Lapped
2025_R08,2025,8,Monaco Grand Prix,Monaco,2025-05-25,OCO,Haas F1 Team,7.0,8.0,6.0,Lapped
2025_R08,2025,8,Monaco Grand Prix,Monaco,2025-05-25,LAW,Racing Bulls,8.0,9.0,4.0,Lapped
2025_R08,2025,8,Monaco Grand Prix,Monaco,2025-05-25,ALB,Williams,9.0,10.0,2.0,Lapped
2025_R08,2025,8,Monaco Grand Prix,Monaco,2025-05-25,SAI,Williams,10.0,11.0,1.0,Lapped
2025_R08,2025,8,Monaco Grand Prix,Monaco,2025-05-25,RUS,Mercedes,11.0,14.0,0.0,Lapped
2025_R08,2025,8,Monaco Grand Prix,Monaco,2025-05-25,BEA,Haas F1 Team,12.0,20.0,0.0,Lapped
2025_R08,2025,8,Monaco Grand Prix,Monaco,2025-05-25,COL,Alpine,13.0,18.0,0.0,Lapped
2025_R08,2025,8,Monaco Grand Prix,Monaco,2025-05-25,BOR,Kick Sauber,14.0,16.0,0.0,Lapped
2025_R08,2025,8,Monaco Grand Prix,Monaco,2025-05-25,STR,Aston Martin,15.0,19.0,0.0,Lapped
2025_R08,2025,8,Monaco Grand Prix,Monaco,2025-05-25,HUL,Kick Sauber,16.0,13.0,0.0,Lapped
2025_R08,2025,8,Monaco Grand Prix,Monaco,2025-05-25,TSU,Red Bull Racing,17.0,12.0,0.0,Lapped
2025_R08,2025,8,Monaco Grand Prix,Monaco,2025-05-25,ANT,Mercedes,18.0,15.0,0.0,Lapped
2025_R08,2025,8,Monaco Grand Prix,Monaco,2025-05-25,ALO,Aston Martin,19.0,6.0,0.0,Retired
2025_R08,2025,8,Monaco Grand Prix,Monaco,2025-05-25,GAS,Alpine,20.0,17.0,0.0,Retired
2025_R09,2025,9,Spanish Grand Prix,Barcelona,2025-06-01,PIA,McLaren,1.0,1.0,25.0,Finished
2025_R09,2025,9,Spanish Grand Prix,Barcelona,2025-06-01,NOR,McLaren,2.0,2.0,18.0,Finished
2025_R09,2025,9,Spanish Grand Prix,Barcelona,2025-06-01,LEC,Ferrari,3.0,7.0,15.0,Finished
2025_R09,2025,9,Spanish Grand Prix,Barcelona,2025-06-01,RUS,Mercedes,4.0,4.0,12.0,Finished
2025_R09,2025,9,Spanish Grand Prix,Barcelona,2025-06-01,HUL,Kick Sauber,5.0,15.0,10.0,Finished
2025_R09,2025,9,Spanish Grand Prix,Barcelona,2025-06-01,HAM,Ferrari,6.0,5.0,8.0,Finished
2025_R09,2025,9,Spanish Grand Prix,Barcelona,2025-06-01,HAD,Racing Bulls,7.0,9.0,6.0,Finished
2025_R09,2025,9,Spanish Grand Prix,Barcelona,2025-06-01,GAS,Alpine,8.0,8.0,4.0,Finished
2025_R09,2025,9,Spanish Grand Prix,Barcelona,2025-06-01,ALO,Aston Martin,9.0,10.0,2.0,Finished
2025_R09,2025,9,Spanish Grand Prix,Barcelona,2025-06-01,VER,Red Bull Racing,10.0,3.0,1.0,Finished
2025_R09,2025,9,Spanish Grand Prix,Barcelona,2025-06-01,LAW,Racing Bulls,11.0,13.0,0.0,Finished
2025_R09,2025,9,Spanish Grand Prix,Barcelona,2025-06-01,BOR,Kick Sauber,12.0,12.0,0.0,Finished
2025_R09,2025,9,Spanish Grand Prix,Barcelona,2025-06-01,TSU,Red Bull Racing,13.0,19.0,0.0,Finished
2025_R09,2025,9,Spanish Grand Prix,Barcelona,2025-06-01,SAI,Williams,14.0,17.0,0.0,Finished
2025_R09,2025,9,Spanish Grand Prix,Barcelona,2025-06-01,COL,Alpine,15.0,18.0,0.0,Finished
2025_R09,2025,9,Spanish Grand Prix,Barcelona,2025-06-01,OCO,Haas F1 Team,16.0,16.0,0.0,Finished
2025_R09,2025,9,Spanish Grand Prix,Barcelona,2025-06-01,BEA,Haas F1 Team,17.0,14.0,0.0,Finished
2025_R09,2025,9,Spanish Grand Prix,Barcelona,2025-06-01,ANT,Mercedes,18.0,6.0,0.0,Retired
2025_R09,2025,9,Spanish Grand Prix,Barcelona,2025-06-01,ALB,Williams,19.0,11.0,0.0,Retired
2025_R10,2025,10,Canadian Grand Prix,Montréal,2025-06-15,RUS,Mercedes,1.0,1.0,25.0,Finished
2025_R10,2025,10,Canadian Grand Prix,Montréal,2025-06-15,VER,Red Bull Racing,2.0,2.0,18.0,Finished
2025_R10,2025,10,Canadian Grand Prix,Montréal,2025-06-15,ANT,Mercedes,3.0,4.0,15.0,Finished
2025_R10,2025,10,Canadian Grand Prix,Montréal,2025-06-15,PIA,McLaren,4.0,3.0,12.0,Finished
2025_R10,2025,10,Canadian Grand Prix,Montréal,2025-06-15,LEC,Ferrari,5.0,8.0,10.0,Finished
2025_R10,2025,10,Canadian Grand Prix,Montréal,2025-06-15,HAM,Ferrari,6.0,5.0,8.0,Finished
2025_R10,2025,10,Canadian Grand Prix,Montréal,2025-06-15,ALO,Aston Martin,7.0,6.0,6.0,Finished
2025_R10,2025,10,Canadian Grand Prix,Montréal,2025-06-15,HUL,Kick Sauber,8.0,11.0,4.0,Finished
2025_R10,2025,10,Canadian Grand Prix,Montréal,2025-06-15,OCO,Haas F1 Team,9.0,14.0,2.0,Lapped
2025_R10,2025,10,Canadian Grand Prix,Montréal,2025-06-15,SAI,Williams,10.0,16.0,1.0,Lapped
2025_R10,2025,10,Canadian Grand Prix,Montréal,2025-06-15,BEA,Haas F1 Team,11.0,13.0,0.0,Lapped
2025_R10,2025,10,Canadian Grand Prix,Montréal,2025-06-15,TSU,Red Bull Racing,12.0,18.0,0.0,Lapped
2025_R10,2025,10,Canadian Grand Prix,Montréal,2025-06-15,COL,Alpine,13.0,10.0,0.0,Lapped
2025_R10,2025,10,Canadian Grand Prix,Montréal,2025-06-15,BOR,Kick Sauber,14.0,15.0,0.0,Lapped
2025_R10,2025,10,Canadian Grand Prix,Montréal,2025-06-15,GAS,Alpine,15.0,20.0,0.0,Lapped
2025_R10,2025,10,Canadian Grand Prix,Montréal,2025-06-15,HAD,Racing Bulls,16.0,12.0,0.0,Lapped
2025_R10,2025,10,Canadian Grand Prix,Montréal,2025-06-15,STR,Aston Martin,17.0,17.0,0.0,Lapped
2025_R10,2025,10,Canadian Grand Prix,Montréal,2025-06-15,NOR,McLaren,18.0,7.0,0.0,Retired
2025_R10,2025,10,Canadian Grand Prix,Montréal,2025-06-15,LAW,Racing Bulls,19.0,19.0,0.0,Retired
2025_R10,2025,10,Canadian Grand Prix,Montréal,2025-06-15,ALB,Williams,20.0,9.0,0.0,Retired
2025_R11,2025,11,Austrian Grand Prix,Spielberg,2025-06-29,NOR,McLaren,1.0,1.0,25.0,Finished
2025_R11,2025,11,Austrian Grand Prix,Spielberg,2025-06-29,PIA,McLaren,2.0,3.0,18.0,Finished
2025_R11,2025,11,Austrian Grand Prix,Spielberg,2025-06-29,LEC,Ferrari,3.0,2.0,15.0,Finished
2025_R11,2025,11,Austrian Grand Prix,Spielberg,2025-06-29,HAM,Ferrari,4.0,4.0,12.0,Finished
2025_R11,2025,11,Austrian Grand Prix,Spielberg,2025-06-29,RUS,Mercedes,5.0,5.0,10.0,Finished
2025_R11,2025,11,Austrian Grand Prix,Spielberg,2025-06-29,LAW,Racing Bulls,6.0,6.0,8.0,Finished
2025_R11,2025,11,Austrian Grand Prix,Spielberg,2025-06-29,ALO,Aston Martin,7.0,11.0,6.0,Lapped
2025_R11,2025,11,Austrian Grand Prix,Spielberg,2025-06-29,BOR,Kick Sauber,8.0,8.0,4.0,Lapped
2025_R11,2025,11,Austrian Grand Prix,Spielberg,2025-06-29,HUL,Kick Sauber,9.0,20.0,2.0,Lapped
2025_R11,2025,11,Austrian Grand Prix,Spielberg,2025-06-29,OCO,Haas F1 Team,10.0,17.0,1.0,Lapped
2025_R11,2025,11,Austrian Grand Prix,Spielberg,2025-06-29,BEA,Haas F1 Team,11.0,15.0,0.0,Lapped
2025_R11,2025,11,Austrian Grand Prix,Spielberg,2025-06-29,HAD,Racing Bulls,12.0,13.0,0.0,Lapped
2025_R11,2025,11,Austrian Grand Prix,Spielberg,2025-06-29,GAS,Alpine,13.0,10.0,0.0,Lapped
2025_R11,2025,11,Austrian Grand Prix,Spielberg,2025-06-29,STR,Aston Martin,14.0,16.0,0.0,Lapped
2025_R11,2025,11,Austrian Grand Prix,Spielberg,2025-06-29,COL,Alpine,15.0,14.0,0.0,Lapped
2025_R11,2025,11,Austrian Grand Prix,Spielberg,2025-06-29,TSU,Red Bull Racing,16.0,18.0,0.0,Lapped
2025_R11,2025,11,Austrian Grand Prix,Spielberg,2025-06-29,ALB,Williams,17.0,12.0,0.0,Retired
2025_R11,2025,11,Austrian Grand Prix,Spielberg,2025-06-29,VER,Red Bull Racing,18.0,7.0,0.0,Retired
2025_R11,2025,11,Austrian Grand Prix,Spielberg,2025-06-29,ANT,Mercedes,19.0,9.0,0.0,Retired
2025_R11,2025,11,Austrian Grand Prix,Spielberg,2025-06-29,SAI,Williams,20.0,19.0,0.0,Did not start
2025_R12,2025,12,British Grand Prix,Silverstone,2025-07-06,NOR,McLaren,1.0,3.0,25.0,Finished
2025_R12,2025,12,British Grand Prix,Silverstone,2025-07-06,PIA,McLaren,2.0,2.0,18.0,Finished
2025_R12,2025,12,British Grand Prix,Silverstone,2025-07-06,HUL,Kick Sauber,3.0,19.0,15.0,Finished
2025_R12,2025,12,British Grand Prix,Silverstone,2025-07-06,HAM,Ferrari,4.0,5.0,12.0,Finished
2025_R12,2025,12,British Grand Prix,Silverstone,2025-07-06,VER,Red Bull Racing,5.0,1.0,10.0,Finished
2025_R12,2025,12,British Grand Prix,Silverstone,2025-07-06,GAS,Alpine,6.0,8.0,8.0,Finished
2025_R12,2025,12,British Grand Prix,Silverstone,2025-07-06,STR,Aston Martin,7.0,17.0,6.0,Finished
2025_R12,2025,12,British Grand Prix,Silverstone,2025-07-06,ALB,Williams,8.0,13.0,4.0,Finished
2025_R12,2025,12,British Grand Prix,Silverstone,2025-07-06,ALO,Aston Martin,9.0,7.0,2.0,Finished
2025_R12,2025,12,British Grand Prix,Silverstone,2025-07-06,RUS,Mercedes,10.0,4.0,1.0,Finished
2025_R12,2025,12,British Grand Prix,Silverstone,2025-07-06,BEA,Haas F1 Team,11.0,18.0,0.0,Finished
2025_R12,2025,12,British Grand Prix,Silverstone,2025-07-06,SAI,Williams,12.0,9.0,0.0,Finished
2025_R12,2025,12,British Grand Prix,Silverstone,2025-07-06,OCO,Haas F1 Team,13.0,14.0,0.0,Finished
2025_R12,2025,12,British Grand Prix,Silverstone,2025-07-06,LEC,Ferrari,14.0,6.0,0.0,Finished
2025_R12,2025,12,British Grand Prix,Silverstone,2025-07-06,TSU,Red Bull Racing,15.0,11.0,0.0,Lapped
2025_R12,2025,12,British Grand Prix,Silverstone,2025-07-06,ANT,Mercedes,16.0,10.0,0.0,Retired
2025_R12,2025,12,British Grand Prix,Silverstone,2025-07-06,HAD,Racing Bulls,17.0,12.0,0.0,Retired
2025_R12,2025,12,British Grand Prix,Silverstone,2025-07-06,BOR,Kick Sauber,18.0,16.0,0.0,Retired
2025_R12,2025,12,British Grand Prix,Silverstone,2025-07-06,LAW,Racing Bulls,19.0,15.0,0.0,Retired
2025_R12,2025,12,British Grand Prix,Silverstone,2025-07-06,COL,Alpine,20.0,20.0,0.0,Did not start
2025_R13,2025,13,Belgian Grand Prix,Spa-Francorchamps,2025-07-27,PIA,McLaren,1.0,2.0,25.0,Finished
2025_R13,2025,13,Belgian Grand Prix,Spa-Francorchamps,2025-07-27,NOR,McLaren,2.0,1.0,18.0,Finished
2025_R13,2025,13,Belgian Grand Prix,Spa-Francorchamps,2025-07-27,LEC,Ferrari,3.0,3.0,15.0,Finished
2025_R13,2025,13,Belgian Grand Prix,Spa-Francorchamps,2025-07-27,VER,Red Bull Racing,4.0,4.0,12.0,Finished
2025_R13,2025,13,Belgian Grand Prix,Spa-Francorchamps,2025-07-27,RUS,Mercedes,5.0,6.0,10.0,Finished
2025_R13,2025,13,Belgian Grand Prix,Spa-Francorchamps,2025-07-27,ALB,Williams,6.0,5.0,8.0,Finished
2025_R13,2025,13,Belgian Grand Prix,Spa-Francorchamps,2025-07-27,HAM,Ferrari,7.0,18.0,6.0,Finished
2025_R13,2025,13,Belgian Grand Prix,Spa-Francorchamps,2025-07-27,LAW,Racing Bulls,8.0,9.0,4.0,Finished
2025_R13,2025,13,Belgian Grand Prix,Spa-Francorchamps,2025-07-27,BOR,Kick Sauber,9.0,10.0,2.0,Finished
2025_R13,2025,13,Belgian Grand Prix,Spa-Francorchamps,2025-07-27,GAS,Alpine,10.0,13.0,1.0,Finished
2025_R13,2025,13,Belgian Grand Prix,Spa-Francorchamps,2025-07-27,BEA,Haas F1 Team,11.0,12.0,0.0,Finished
2025_R13,2025,13,Belgian Grand Prix,Spa-Francorchamps,2025-07-27,HUL,Kick Sauber,12.0,14.0,0.0,Finished
2025_R13,2025,13,Belgian Grand Prix,Spa-Francorchamps,2025-07-27,TSU,Red Bull Racing,13.0,7.0,0.0,Finished
2025_R13,2025,13,Belgian Grand Prix,Spa-Francorchamps,2025-07-27,STR,Aston Martin,14.0,16.0,0.0,Finished
2025_R13,2025,13,Belgian Grand Prix,Spa-Francorchamps,2025-07-27,OCO,Haas F1 Team,15.0,11.0,0.0,Finished
2025_R13,2025,13,Belgian Grand Prix,Spa-Francorchamps,2025-07-27,ANT,Mercedes,16.0,19.0,0.0,Finished
2025_R13,2025,13,Belgian Grand Prix,Spa-Francorchamps,2025-07-27,ALO,Aston Martin,17.0,20.0,0.0,Finished
2025_R13,2025,13,Belgian Grand Prix,Spa-Francorchamps,2025-07-27,SAI,Williams,18.0,17.0,0.0,Finished
2025_R13,2025,13,Belgian Grand Prix,Spa-Francorchamps,2025-07-27,COL,Alpine,19.0,15.0,0.0,Finished
2025_R13,2025,13,Belgian Grand Prix,Spa-Francorchamps,2025-07-27,HAD,Racing Bulls,20.0,8.0,0.0,Lapped
2025_R14,2025,14,Hungarian Grand Prix,Budapest,2025-08-03,NOR,McLaren,1.0,3.0,25.0,Finished
2025_R14,2025,14,Hungarian Grand Prix,Budapest,2025-08-03,PIA,McLaren,2.0,2.0,18.0,Finished
2025_R14,2025,14,Hungarian Grand Prix,Budapest,2025-08-03,RUS,Mercedes,3.0,4.0,15.0,Finished
2025_R14,2025,14,Hungarian Grand Prix,Budapest,2025-08-03,LEC,Ferrari,4.0,1.0,12.0,Finished
2025_R14,2025,14,Hungarian Grand Prix,Budapest,2025-08-03,ALO,Aston Martin,5.0,5.0,10.0,Finished
2025_R14,2025,14,Hungarian Grand Prix,Budapest,2025-08-03,BOR,Kick Sauber,6.0,7.0,8.0,Finished
2025_R14,2025,14,Hungarian Grand Prix,Budapest,2025-08-03,STR,Aston Martin,7.0,6.0,6.0,Finished
2025_R14,2025,14,Hungarian Grand Prix,Budapest,2025-08-03,LAW,Racing Bulls,8.0,9.0,4.0,Finished
2025_R14,2025,14,Hungarian Grand Prix,Budapest,2025-08-03,VER,Red Bull Racing,9.0,8.0,2.0,Finished
2025_R14,2025,14,Hungarian Grand Prix,Budapest,2025-08-03,ANT,Mercedes,10.0,15.0,1.0,Lapped
2025_R14,2025,14,Hungarian Grand Prix,Budapest,2025-08-03,HAD,Racing Bulls,11.0,10.0,0.0,Lapped
2025_R14,2025,14,Hungarian Grand Prix,Budapest,2025-08-03,HAM,Ferrari,12.0,12.0,0.0,Lapped
2025_R14,2025,14,Hungarian Grand Prix,Budapest,2025-08-03,HUL,Kick Sauber,13.0,18.0,0.0,Lapped
2025_R14,2025,14,Hungarian Grand Prix,Budapest,2025-08-03,SAI,Williams,14.0,13.0,0.0,Lapped
2025_R14,2025,14,Hungarian Grand Prix,Budapest,2025-08-03,ALB,Williams,15.0,19.0,0.0,Lapped
2025_R14,2025,14,Hungarian Grand Prix,Budapest,2025-08-03,OCO,Haas F1 Team,16.0,17.0,0.0,Lapped
2025_R14,2025,14,Hungarian Grand Prix,Budapest,2025-08-03,TSU,Red Bull Racing,17.0,20.0,0.0,Lapped
2025_R14,2025,14,Hungarian Grand Prix,Budapest,2025-08-03,COL,Alpine,18.0,14.0,0.0,Lapped
2025_R14,2025,14,Hungarian Grand Prix,Budapest,2025-08-03,GAS,Alpine,19.0,16.0,0.0,Lapped
2025_R14,2025,14,Hungarian Grand Prix,Budapest,2025-08-03,BEA,Haas F1 Team,20.0,11.0,0.0,Retired
2025_R15,2025,15,Dutch Grand Prix,Zandvoort,2025-08-31,PIA,McLaren,1.0,1.0,25.0,Finished
2025_R15,2025,15,Dutch Grand Prix,Zandvoort,2025-08-31,VER,Red Bull Racing,2.0,3.0,18.0,Finished
2025_R15,2025,15,Dutch Grand Prix,Zandvoort,2025-08-31,HAD,Racing Bulls,3.0,4.0,15.0,Finished
2025_R15,2025,15,Dutch Grand Prix,Zandvoort,2025-08-31,RUS,Mercedes,4.0,5.0,12.0,Finished
2025_R15,2025,15,Dutch Grand Prix,Zandvoort,2025-08-31,ALB,Williams,5.0,15.0,10.0,Finished
2025_R15,2025,15,Dutch Grand Prix,Zandvoort,2025-08-31,BEA,Haas F1 Team,6.0,20.0,8.0,Finished
2025_R15,2025,15,Dutch Grand Prix,Zandvoort,2025-08-31,STR,Aston Martin,7.0,19.0,6.0,Finished
2025_R15,2025,15,Dutch Grand Prix,Zandvoort,2025-08-31,ALO,Aston Martin,8.0,10.0,4.0,Finished
2025_R15,2025,15,Dutch Grand Prix,Zandvoort,2025-08-31,TSU,Red Bull Racing,9.0,12.0,2.0,Finished
2025_R15,2025,15,Dutch Grand Prix,Zandvoort,2025-08-31,OCO,Haas F1 Team,10.0,18.0,1.0,Finished
2025_R15,2025,15,Dutch Grand Prix,Zandvoort,2025-08-31,COL,Alpine,11.0,16.0,0.0,Finished
2025_R15,2025,15,Dutch Grand Prix,Zandvoort,2025-08-31,LAW,Racing Bulls,12.0,8.0,0.0,Finished
2025_R15,2025,15,Dutch Grand Prix,Zandvoort,2025-08-31,SAI,Williams,13.0,9.0,0.0,Finished
2025_R15,2025,15,Dutch Grand Prix,Zandvoort,2025-08-31,HUL,Kick Sauber,14.0,17.0,0.0,Finished
2025_R15,2025,15,Dutch Grand Prix,Zandvoort,2025-08-31,BOR,Kick Sauber,15.0,13.0,0.0,Finished
2025_R15,2025,15,Dutch Grand Prix,Zandvoort,2025-08-31,ANT,Mercedes,16.0,11.0,0.0,Finished
2025_R15,2025,15,Dutch Grand Prix,Zandvoort,2025-08-31,GAS,Alpine,17.0,14.0,0.0,Finished
2025_R15,2025,15,Dutch Grand Prix,Zandvoort,2025-08-31,NOR,McLaren,18.0,2.0,0.0,Retired
2025_R15,2025,15,Dutch Grand Prix,Zandvoort,2025-08-31,LEC,Ferrari,19.0,6.0,0.0,Retired
2025_R15,2025,15,Dutch Grand Prix,Zandvoort,2025-08-31,HAM,Ferrari,20.0,7.0,0.0,Retired
2025_R16,2025,16,Italian Grand Prix,Monza,2025-09-07,VER,Red Bull Racing,1.0,1.0,25.0,Finished
2025_R16,2025,16,Italian Grand Prix,Monza,2025-09-07,NOR,McLaren,2.0,2.0,18.0,Finished
2025_R16,2025,16,Italian Grand Prix,Monza,2025-09-07,PIA,McLaren,3.0,3.0,15.0,Finished
2025_R16,2025,16,Italian Grand Prix,Monza,2025-09-07,LEC,Ferrari,4.0,4.0,12.0,Finished
2025_R16,2025,16,Italian Grand Prix,Monza,2025-09-07,RUS,Mercedes,5.0,5.0,10.0,Finished
2025_R16,2025,16,Italian Grand Prix,Monza,2025-09-07,HAM,Ferrari,6.0,10.0,8.0,Finished
2025_R16,2025,16,Italian Grand Prix,Monza,2025-09-07,ALB,Williams,7.0,14.0,6.0,Finished
2025_R16,2025,16,Italian Grand Prix,Monza,2025-09-07,BOR,Kick Sauber,8.0,7.0,4.0,Finished
2025_R16,2025,16,Italian Grand Prix,Monza,2025-09-07,ANT,Mercedes,9.0,6.0,2.0,Finished
2025_R16,2025,16,Italian Grand Prix,Monza,2025-09-07,HAD,Racing Bulls,10.0,19.0,1.0,Finished
2025_R16,2025,16,Italian Grand Prix,Monza,2025-09-07,SAI,Williams,11.0,13.0,0.0,Finished
2025_R16,2025,16,Italian Grand Prix,Monza,2025-09-07,BEA,Haas F1 Team,12.0,11.0,0.0,Finished
2025_R16,2025,16,Italian Grand Prix,Monza,2025-09-07,TSU,Red Bull Racing,13.0,9.0,0.0,Finished
2025_R16,2025,16,Italian Grand Prix,Monza,2025-09-07,LAW,Racing Bulls,14.0,18.0,0.0,Finished
2025_R16,2025,16,Italian Grand Prix,Monza,2025-09-07,OCO,Haas F1 Team,15.0,15.0,0.0,Lapped
2025_R16,2025,16,Italian Grand Prix,Monza,2025-09-07,GAS,Alpine,16.0,20.0,0.0,Lapped
2025_R16,2025,16,Italian Grand Prix,Monza,2025-09-07,COL,Alpine,17.0,17.0,0.0,Lapped
2025_R16,2025,16,Italian Grand Prix,Monza,2025-09-07,STR,Aston Martin,18.0,16.0,0.0,Lapped
2025_R16,2025,16,Italian Grand Prix,Monza,2025-09-07,ALO,Aston Martin,19.0,8.0,0.0,Retired
2025_R16,2025,16,Italian Grand Prix,Monza,2025-09-07,HUL,Kick Sauber,20.0,12.0,0.0,Did not start
2025_R17,2025,17,Azerbaijan Grand Prix,Baku,2025-09-21,VER,Red Bull Racing,1.0,1.0,25.0,Finished
2025_R17,2025,17,Azerbaijan Grand Prix,Baku,2025-09-21,RUS,Mercedes,2.0,5.0,18.0,Finished
2025_R17,2025,17,Azerbaijan Grand Prix,Baku,2025-09-21,SAI,Williams,3.0,2.0,15.0,Finished
2025_R17,2025,17,Azerbaijan Grand Prix,Baku,2025-09-21,ANT,Mercedes,4.0,4.0,12.0,Finished
2025_R17,2025,17,Azerbaijan Grand Prix,Baku,2025-09-21,LAW,Racing Bulls,5.0,3.0,10.0,Finished
2025_R17,2025,17,Azerbaijan Grand Prix,Baku,2025-09-21,TSU,Red Bull Racing,6.0,6.0,8.0,Finished
2025_R17,2025,17,Azerbaijan Grand Prix,Baku,2025-09-21,NOR,McLaren,7.0,7.0,6.0,Finished
2025_R17,2025,17,Azerbaijan Grand Prix,Baku,2025-09-21,HAM,Ferrari,8.0,12.0,4.0,Finished
2025_R17,2025,17,Azerbaijan Grand Prix,Baku,2025-09-21,LEC,Ferrari,9.0,10.0,2.0,Finished
2025_R17,2025,17,Azerbaijan Grand Prix,Baku,2025-09-21,HAD,Racing Bulls,10.0,8.0,1.0,Finished
2025_R17,2025,17,Azerbaijan Grand Prix,Baku,2025-09-21,BOR,Kick Sauber,11.0,13.0,0.0,Finished
2025_R17,2025,17,Azerbaijan Grand Prix,Baku,2025-09-21,BEA,Haas F1 Team,12.0,15.0,0.0,Finished
2025_R17,2025,17,Azerbaijan Grand Prix,Baku,2025-09-21,ALB,Williams,13.0,19.0,0.0,Finished
2025_R17,2025,17,Azerbaijan Grand Prix,Baku,2025-09-21,OCO,Haas F1 Team,14.0,20.0,0.0,Finished
2025_R17,2025,17,Azerbaijan Grand Prix,Baku,2025-09-21,ALO,Aston Martin,15.0,11.0,0.0,Finished
2025_R17,2025,17,Azerbaijan Grand Prix,Baku,2025-09-21,HUL,Kick Sauber,16.0,17.0,0.0,Finished
2025_R17,2025,17,Azerbaijan Grand Prix,Baku,2025-09-21,STR,Aston Martin,17.0,14.0,0.0,Finished
2025_R17,2025,17,Azerbaijan Grand Prix,Baku,2025-09-21,GAS,Alpine,18.0,18.0,0.0,Lapped
2025_R17,2025,17,Azerbaijan Grand Prix,Baku,2025-09-21,COL,Alpine,19.0,16.0,0.0,Lapped
2025_R17,2025,17,Azerbaijan Grand Prix,Baku,2025-09-21,PIA,McLaren,20.0,9.0,0.0,Retired
2025_R18,2025,18,Singapore Grand Prix,Marina Bay,2025-10-05,RUS,Mercedes,1.0,1.0,25.0,Finished
2025_R18,2025,18,Singapore Grand Prix,Marina Bay,2025-10-05,VER,Red Bull Racing,2.0,2.0,18.0,Finished
2025_R18,2025,18,Singapore Grand Prix,Marina Bay,2025-10-05,NOR,McLaren,3.0,5.0,15.0,Finished
2025_R18,2025,18,Singapore Grand Prix,Marina Bay,2025-10-05,PIA,McLaren,4.0,3.0,12.0,Finished
2025_R18,2025,18,Singapore Grand Prix,Marina Bay,2025-10-05,ANT,Mercedes,5.0,4.0,10.0,Finished
2025_R18,2025,18,Singapore Grand Prix,Marina Bay,2025-10-05,LEC,Ferrari,6.0,7.0,8.0,Finished
2025_R18,2025,18,Singapore Grand Prix,Marina Bay,2025-10-05,ALO,Aston Martin,7.0,10.0,6.0,Finished
2025_R18,2025,18,Singapore Grand Prix,Marina Bay,2025-10-05,HAM,Ferrari,8.0,6.0,4.0,Finished
2025_R18,2025,18,Singapore Grand Prix,Marina Bay,2025-10-05,BEA,Haas F1 Team,9.0,9.0,2.0,Finished
2025_R18,2025,18,Singapore Grand Prix,Marina Bay,2025-10-05,SAI,Williams,10.0,18.0,1.0,Lapped
2025_R18,2025,18,Singapore Grand Prix,Marina Bay,2025-10-05,HAD,Racing Bulls,11.0,8.0,0.0,Lapped
2025_R18,2025,18,Singapore Grand Prix,Marina Bay,2025-10-05,TSU,Red Bull Racing,12.0,13.0,0.0,Lapped
2025_R18,2025,18,Singapore Grand Prix,Marina Bay,2025-10-05,STR,Aston Martin,13.0,15.0,0.0,Lapped
2025_R18,2025,18,Singapore Grand Prix,Marina Bay,2025-10-05,ALB,Williams,14.0,20.0,0.0,Lapped
2025_R18,2025,18,Singapore Grand Prix,Marina Bay,2025-10-05,LAW,Racing Bulls,15.0,12.0,0.0,Lapped
2025_R18,2025,18,Singapore Grand Prix,Marina Bay,2025-10-05,COL,Alpine,16.0,16.0,0.0,Lapped
2025_R18,2025,18,Singapore Grand Prix,Marina Bay,2025-10-05,BOR,Kick Sauber,17.0,14.0,0.0,Lapped
2025_R18,2025,18,Singapore Grand Prix,Marina Bay,2025-10-05,OCO,Haas F1 Team,18.0,17.0,0.0,Lapped
2025_R18,2025,18,Singapore Grand Prix,Marina Bay,2025-10-05,GAS,Alpine,19.0,19.0,0.0,Lapped
2025_R18,2025,18,Singapore Grand Prix,Marina Bay,2025-10-05,HUL,Kick Sauber,20.0,11.0,0.0,Lapped
2025_R19,2025,19,United States Grand Prix,Austin,2025-10-19,VER,Red Bull Racing,1.0,1.0,25.0,Finished
2025_R19,2025,19,United States Grand Prix,Austin,2025-10-19,NOR,McLaren,2.0,2.0,18.0,Finished
2025_R19,2025,19,United States Grand Prix,Austin,2025-10-19,LEC,Ferrari,3.0,3.0,15.0,Finished
2025_R19,2025,19,United States Grand Prix,Austin,2025-10-19,HAM,Ferrari,4.0,5.0,12.0,Finished
2025_R19,2025,19,United States Grand Prix,Austin,2025-10-19,PIA,McLaren,5.0,6.0,10.0,Finished
2025_R19,2025,19,United States Grand Prix,Austin,2025-10-19,RUS,Mercedes,6.0,4.0,8.0,Finished
2025_R19,2025,19,United States Grand Prix,Austin,2025-10-19,TSU,Red Bull Racing,7.0,13.0,6.0,Finished
2025_R19,2025,19,United States Grand Prix,Austin,2025-10-19,HUL,Kick Sauber,8.0,11.0,4.0,Finished
2025_R19,2025,19,United States Grand Prix,Austin,2025-10-19,BEA,Haas F1 Team,9.0,8.0,2.0,Finished
2025_R19,2025,19,United States Grand Prix,Austin,2025-10-19,ALO,Aston Martin,10.0,10.0,1.0,Finished
2025_R19,2025,19,United States Grand Prix,Austin,2025-10-19,LAW,Racing Bulls,11.0,12.0,0.0,Finished
2025_R19,2025,19,United States Grand Prix,Austin,2025-10-19,STR,Aston Martin,12.0,19.0,0.0,Finished
2025_R19,2025,19,United States Grand Prix,Austin,2025-10-19,ANT,Mercedes,13.0,7.0,0.0,Finished
2025_R19,2025,19,United States Grand Prix,Austin,2025-10-19,ALB,Williams,14.0,18.0,0.0,Finished
2025_R19,2025,19,United States Grand Prix,Austin,2025-10-19,OCO,Haas F1 Team,15.0,17.0,0.0,Finished
2025_R19,2025,19,United States Grand Prix,Austin,2025-10-19,HAD,Racing Bulls,16.0,20.0,0.0,Finished
2025_R19,2025,19,United States Grand Prix,Austin,2025-10-19,COL,Alpine,17.0,15.0,0.0,Lapped
2025_R19,2025,19,United States Grand Prix,Austin,2025-10-19,BOR,Kick Sauber,18.0,16.0,0.0,Lapped
2025_R19,2025,19,United States Grand Prix,Austin,2025-10-19,GAS,Alpine,19.0,14.0,0.0,Lapped
2025_R19,2025,19,United States Grand Prix,Austin,2025-10-19,SAI,Williams,20.0,9.0,0.0,Retired
2025_R20,2025,20,Mexico City Grand Prix,Mexico City,2025-10-26,NOR,McLaren,1.0,1.0,25.0,Finished
2025_R20,2025,20,Mexico City Grand Prix,Mexico City,2025-10-26,LEC,Ferrari,2.0,2.0,18.0,Finished
2025_R20,2025,20,Mexico City Grand Prix,Mexico City,2025-10-26,VER,Red Bull Racing,3.0,5.0,15.0,Finished
2025_R20,2025,20,Mexico City Grand Prix,Mexico City,2025-10-26,BEA,Haas F1 Team,4.0,9.0,12.0,Finished
2025_R20,2025,20,Mexico City Grand Prix,Mexico City,2025-10-26,PIA,McLaren,5.0,7.0,10.0,Finished
2025_R20,2025,20,Mexico City Grand Prix,Mexico City,2025-10-26,ANT,Mercedes,6.0,6.0,8.0,Finished
2025_R20,2025,20,Mexico City Grand Prix,Mexico City,2025-10-26,RUS,Mercedes,7.0,4.0,6.0,Finished
2025_R20,2025,20,Mexico City Grand Prix,Mexico City,2025-10-26,HAM,Ferrari,8.0,3.0,4.0,Finished
2025_R20,2025,20,Mexico City Grand Prix,Mexico City,2025-10-26,OCO,Haas F1 Team,9.0,11.0,2.0,Finished
2025_R20,2025,20,Mexico City Grand Prix,Mexico City,2025-10-26,BOR,Kick Sauber,10.0,16.0,1.0,Finished
2025_R20,2025,20,Mexico City Grand Prix,Mexico City,2025-10-26,TSU,Red Bull Racing,11.0,10.0,0.0,Finished
2025_R20,2025,20,Mexico City Grand Prix,Mexico City,2025-10-26,ALB,Williams,12.0,17.0,0.0,Lapped
2025_R20,2025,20,Mexico City Grand Prix,Mexico City,2025-10-26,HAD,Racing Bulls,13.0,8.0,0.0,Lapped
2025_R20,2025,20,Mexico City Grand Prix,Mexico City,2025-10-26,STR,Aston Martin,14.0,19.0,0.0,Lapped
2025_R20,2025,20,Mexico City Grand Prix,Mexico City,2025-10-26,GAS,Alpine,15.0,18.0,0.0,Lapped
2025_R20,2025,20,Mexico City Grand Prix,Mexico City,2025-10-26,COL,Alpine,16.0,20.0,0.0,Lapped
2025_R20,2025,20,Mexico City Grand Prix,Mexico City,2025-10-26,SAI,Williams,17.0,12.0,0.0,Retired
2025_R20,2025,20,Mexico City Grand Prix,Mexico City,2025-10-26,ALO,Aston Martin,18.0,14.0,0.0,Retired
2025_R20,2025,20,Mexico City Grand Prix,Mexico City,2025-10-26,HUL,Kick Sauber,19.0,13.0,0.0,Retired
2025_R20,2025,20,Mexico City Grand Prix,Mexico City,2025-10-26,LAW,Racing Bulls,20.0,15.0,0.0,Retired
2025_R21,2025,21,São Paulo Grand Prix,São Paulo,2025-11-09,NOR,McLaren,1.0,1.0,25.0,Finished
2025_R21,2025,21,São Paulo Grand Prix,São Paulo,2025-11-09,ANT,Mercedes,2.0,2.0,18.0,Finished
2025_R21,2025,21,São Paulo Grand Prix,São Paulo,2025-11-09,VER,Red Bull Racing,3.0,19.0,15.0,Finished
2025_R21,2025,21,São Paulo Grand Prix,São Paulo,2025-11-09,RUS,Mercedes,4.0,6.0,12.0,Finished
2025_R21,2025,21,São Paulo Grand Prix,São Paulo,2025-11-09,PIA,McLaren,5.0,4.0,10.0,Finished
2025_R21,2025,21,São Paulo Grand Prix,São Paulo,2025-11-09,BEA,Haas F1 Team,6.0,8.0,8.0,Finished
2025_R21,2025,21,São Paulo Grand Prix,São Paulo,2025-11-09,LAW,Racing Bulls,7.0,7.0,6.0,Finished
2025_R21,2025,21,São Paulo Grand Prix,São Paulo,2025-11-09,HAD,Racing Bulls,8.0,5.0,4.0,Finished
2025_R21,2025,21,São Paulo Grand Prix,São Paulo,2025-11-09,HUL,Kick Sauber,9.0,10.0,2.0,Finished
2025_R21,2025,21,São Paulo Grand Prix,São Paulo,2025-11-09,GAS,Alpine,10.0,9.0,1.0,Finished
2025_R21,2025,21,São Paulo Grand Prix,São Paulo,2025-11-09,ALB,Williams,11.0,12.0,0.0,Finished
2025_R21,2025,21,São Paulo Grand Prix,São Paulo,2025-11-09,OCO,Haas F1 Team,12.0,20.0,0.0,Finished
2025_R21,2025,21,São Paulo Grand Prix,São Paulo,2025-11-09,SAI,Williams,13.0,15.0,0.0,Finished
2025_R21,2025,21,São Paulo Grand Prix,São Paulo,2025-11-09,ALO,Aston Martin,14.0,11.0,0.0,Finished
2025_R21,2025,21,São Paulo Grand Prix,São Paulo,2025-11-09,COL,Alpine,15.0,16.0,0.0,Finished
2025_R21,2025,21,São Paulo Grand Prix,São Paulo,2025-11-09,STR,Aston Martin,16.0,14.0,0.0,Finished
2025_R21,2025,21,São Paulo Grand Prix,São Paulo,2025-11-09,TSU,Red Bull Racing,17.0,17.0,0.0,Finished
2025_R21,2025,21,São Paulo Grand Prix,São Paulo,2025-11-09,HAM,Ferrari,18.0,13.0,0.0,Retired
2025_R21,2025,21,São Paulo Grand Prix,São Paulo,2025-11-09,LEC,Ferrari,19.0,3.0,0.0,Retired
2025_R21,2025,21,São Paulo Grand Prix,São Paulo,2025-11-09,BOR,Kick Sauber,20.0,18.0,0.0,Retired
2025_R22,2025,22,Las Vegas Grand Prix,Las Vegas,2025-11-23,VER,Red Bull Racing,1.0,2.0,25.0,Finished
2025_R22,2025,22,Las Vegas Grand Prix,Las Vegas,2025-11-23,RUS,Mercedes,2.0,4.0,18.0,Finished
2025_R22,2025,22,Las Vegas Grand Prix,Las Vegas,2025-11-23,ANT,Mercedes,3.0,17.0,15.0,Finished
2025_R22,2025,22,Las Vegas Grand Prix,Las Vegas,2025-11-23,LEC,Ferrari,4.0,9.0,12.0,Finished
2025_R22,2025,22,Las Vegas Grand Prix,Las Vegas,2025-11-23,SAI,Williams,5.0,3.0,10.0,Finished
2025_R22,2025,22,Las Vegas Grand Prix,Las Vegas,2025-11-23,HAD,Racing Bulls,6.0,8.0,8.0,Finished
2025_R22,2025,22,Las Vegas Grand Prix,Las Vegas,2025-11-23,HUL,Kick Sauber,7.0,11.0,6.0,Finished
2025_R22,2025,22,Las Vegas Grand Prix,Las Vegas,2025-11-23,HAM,Ferrari,8.0,19.0,4.0,Finished
2025_R22,2025,22,Las Vegas Grand Prix,Las Vegas,2025-11-23,OCO,Haas F1 Team,9.0,13.0,2.0,Finished
2025_R22,2025,22,Las Vegas Grand Prix,Las Vegas,2025-11-23,BEA,Haas F1 Team,10.0,14.0,1.0,Finished
2025_R22,2025,22,Las Vegas Grand Prix,Las Vegas,2025-11-23,ALO,Aston Martin,11.0,7.0,0.0,Finished
2025_R22,2025,22,Las Vegas Grand Prix,Las Vegas,2025-11-23,TSU,Red Bull Racing,12.0,20.0,0.0,Finished
2025_R22,2025,22,Las Vegas Grand Prix,Las Vegas,2025-11-23,GAS,Alpine,13.0,10.0,0.0,Finished
2025_R22,2025,22,Las Vegas Grand Prix,Las Vegas,2025-11-23,LAW,Racing Bulls,14.0,6.0,0.0,Lapped
2025_R22,2025,22,Las Vegas Grand Prix,Las Vegas,2025-11-23,COL,Alpine,15.0,15.0,0.0,Lapped
2025_R22,2025,22,Las Vegas Grand Prix,Las Vegas,2025-11-23,ALB,Williams,16.0,16.0,0.0,Retired
2025_R22,2025,22,Las Vegas Grand Prix,Las Vegas,2025-11-23,BOR,Kick Sauber,17.0,18.0,0.0,Retired
2025_R22,2025,22,Las Vegas Grand Prix,Las Vegas,2025-11-23,STR,Aston Martin,18.0,12.0,0.0,Retired
2025_R22,2025,22,Las Vegas Grand Prix,Las Vegas,2025-11-23,NOR,McLaren,19.0,1.0,0.0,Disqualified
2025_R22,2025,22,Las Vegas Grand Prix,Las Vegas,2025-11-23,PIA,McLaren,20.0,5.0,0.0,Disqualified
2025_R23,2025,23,Qatar Grand Prix,Lusail,2025-11-30,VER,Red Bull Racing,1.0,3.0,25.0,Finished
2025_R23,2025,23,Qatar Grand Prix,Lusail,2025-11-30,PIA,McLaren,2.0,1.0,18.0,Finished
2025_R23,2025,23,Qatar Grand Prix,Lusail,2025-11-30,SAI,Williams,3.0,7.0,15.0,Finished
2025_R23,2025,23,Qatar Grand Prix,Lusail,2025-11-30,NOR,McLaren,4.0,2.0,12.0,Finished
2025_R23,2025,23,Qatar Grand Prix,Lusail,2025-11-30,ANT,Mercedes,5.0,5.0,10.0,Finished
2025_R23,2025,23,Qatar Grand Prix,Lusail,2025-11-30,RUS,Mercedes,6.0,4.0,8.0,Finished
2025_R23,2025,23,Qatar Grand Prix,Lusail,2025-11-30,ALO,Aston Martin,7.0,8.0,6.0,Finished
2025_R23,2025,23,Qatar Grand Prix,Lusail,2025-11-30,LEC,Ferrari,8.0,10.0,4.0,Finished
2025_R23,2025,23,Qatar Grand Prix,Lusail,2025-11-30,LAW,Racing Bulls,9.0,12.0,2.0,Finished
2025_R23,2025,23,Qatar Grand Prix,Lusail,2025-11-30,TSU,Red Bull Racing,10.0,15.0,1.0,Finished
2025_R23,2025,23,Qatar Grand Prix,Lusail,2025-11-30,ALB,Williams,11.0,14.0,0.0,Finished
2025_R23,2025,23,Qatar Grand Prix,Lusail,2025-11-30,HAM,Ferrari,12.0,17.0,0.0,Finished
2025_R23,2025,23,Qatar Grand Prix,Lusail,2025-11-30,BOR,Kick Sauber,13.0,19.0,0.0,Finished
2025_R23,2025,23,Qatar Grand Prix,Lusail,2025-11-30,COL,Alpine,14.0,20.0,0.0,Lapped
2025_R23,2025,23,Qatar Grand Prix,Lusail,2025-11-30,OCO,Haas F1 Team,15.0,16.0,0.0,Lapped
2025_R23,2025,23,Qatar Grand Prix,Lusail,2025-11-30,GAS,Alpine,16.0,9.0,0.0,Lapped
2025_R23,2025,23,Qatar Grand Prix,Lusail,2025-11-30,STR,Aston Martin,17.0,18.0,0.0,Retired
2025_R23,2025,23,Qatar Grand Prix,Lusail,2025-11-30,HAD,Racing Bulls,18.0,6.0,0.0,Retired
2025_R23,2025,23,Qatar Grand Prix,Lusail,2025-11-30,BEA,Haas F1 Team,19.0,13.0,0.0,Retired
2025_R23,2025,23,Qatar Grand Prix,Lusail,2025-11-30,HUL,Kick Sauber,20.0,11.0,0.0,Retired
2025_R24,2025,24,Abu Dhabi Grand Prix,Yas Island,2025-12-07,VER,Red Bull Racing,1.0,1.0,25.0,Finished
2025_R24,2025,24,Abu Dhabi Grand Prix,Yas Island,2025-12-07,PIA,McLaren,2.0,3.0,18.0,Finished
2025_R24,2025,24,Abu Dhabi Grand Prix,Yas Island,2025-12-07,NOR,McLaren,3.0,2.0,15.0,Finished
2025_R24,2025,24,Abu Dhabi Grand Prix,Yas Island,2025-12-07,LEC,Ferrari,4.0,5.0,12.0,Finished
2025_R24,2025,24,Abu Dhabi Grand Prix,Yas Island,2025-12-07,RUS,Mercedes,5.0,4.0,10.0,Finished
2025_R24,2025,24,Abu Dhabi Grand Prix,Yas Island,2025-12-07,ALO,Aston Martin,6.0,6.0,8.0,Finished
2025_R24,2025,24,Abu Dhabi Grand Prix,Yas Island,2025-12-07,OCO,Haas F1 Team,7.0,8.0,6.0,Finished
2025_R24,2025,24,Abu Dhabi Grand Prix,Yas Island,2025-12-07,HAM,Ferrari,8.0,16.0,4.0,Finished
2025_R24,2025,24,Abu Dhabi Grand Prix,Yas Island,2025-12-07,HUL,Kick Sauber,9.0,18.0,2.0,Finished
2025_R24,2025,24,Abu Dhabi Grand Prix,Yas Island,2025-12-07,STR,Aston Martin,10.0,15.0,1.0,Finished
2025_R24,2025,24,Abu Dhabi Grand Prix,Yas Island,2025-12-07,BOR,Kick Sauber,11.0,7.0,0.0,Finished
2025_R24,2025,24,Abu Dhabi Grand Prix,Yas Island,2025-12-07,BEA,Haas F1 Team,12.0,11.0,0.0,Finished
2025_R24,2025,24,Abu Dhabi Grand Prix,Yas Island,2025-12-07,SAI,Williams,13.0,12.0,0.0,Finished
2025_R24,2025,24,Abu Dhabi Grand Prix,Yas Island,2025-12-07,TSU,Red Bull Racing,14.0,10.0,0.0,Finished
2025_R24,2025,24,Abu Dhabi Grand Prix,Yas Island,2025-12-07,ANT,Mercedes,15.0,14.0,0.0,Finished
2025_R24,2025,24,Abu Dhabi Grand Prix,Yas Island,2025-12-07,ALB,Williams,16.0,17.0,0.0,Finished
2025_R24,2025,24,Abu Dhabi Grand Prix,Yas Island,2025-12-07,HAD,Racing Bulls,17.0,9.0,0.0,Lapped
2025_R24,2025,24,Abu Dhabi Grand Prix,Yas Island,2025-12-07,LAW,Racing Bulls,18.0,13.0,0.0,Lapped
2025_R24,2025,24,Abu Dhabi Grand Prix,Yas Island,2025-12-07,GAS,Alpine,19.0,19.0,0.0,Lapped
2025_R24,2025,24,Abu Dhabi Grand Prix,Yas Island,2025-12-07,COL,Alpine,20.0,20.0,0.0,Lapped
